-- ============================================================
-- SEED: Nonprofit Events (lifecycle)
-- AUTO-GENERATED by scripts/generate-nonprofit-seed.ts
-- Source: src/shared/data/nonprofitDemoData.ts
-- Safe to re-run (idempotent upserts on fixed seed UUIDs).
-- Prerequisite: at least one row in auth.users
-- ============================================================

-- Abort if no auth users (created_by subquery would be NULL)
DO $$
BEGIN
  IF (SELECT COUNT(*) FROM auth.users) = 0 THEN
    RAISE EXCEPTION 'SEED ABORTED: No users in auth.users. Sign up via the app first.';
  END IF;
END $$;


DELETE FROM public.nonprofit_event_registrants WHERE id IN ('7c4d31c2-724d-4dea-87f0-7bb1244cf21e', '0490fc80-4393-472a-8f63-152348d92814', '30e1128f-3d9a-48b0-86ed-7fc9c731511f', '9d5dc58e-7713-45f3-8a55-d7b3a58f26d8', 'ef41f45c-608e-4566-80f0-6f01525f5808', '2addb3e2-2df9-4b75-838b-63e1f220ccff', 'a4799331-57f8-4b2e-818f-93989e527f18', '47f8976a-0e72-449c-885d-40a59d6d2ac0', 'e1e3b25d-35ae-44c6-8bf9-2dab3cbd9d78', '268c6536-ae04-4f0a-8171-69d199b4651c', '3f64c228-9f53-4b79-8f51-256fd82f3f91', 'e9cb08a2-3943-4ea9-8421-a82fa2486fd1', 'a82b720f-b65f-44b6-801a-46572320668a', 'd6812c02-f868-445a-8bf0-213b751e86b1', '800ef2f1-938e-4b88-8910-4ffe233b3c16', 'e1096679-8d6e-460c-85db-98f9420018fe', '27f53bd3-c4de-4ac7-807e-9ef35e15bd57', '0b948b4e-f4d4-40ff-8838-bb321685a748');
DELETE FROM public.nonprofit_event_agenda_items WHERE id IN ('3effa606-23e4-449f-8d2e-66c66f1368cd', '4d3af7f1-3f99-4f58-83b3-388e4c892c2c', '60563d38-1404-4367-8282-02706b65c326', '9cdd41ae-d117-4a92-8f5e-814fed12a16a', '82be25e7-7d15-459c-8774-2cdcf3eeef87', 'b2747507-a162-4815-8bd2-9a9fa6a15cf3', 'f33e6a59-f940-41c3-8cbd-e786a388b1f0', '27e9fc20-c101-47d4-8763-38ed73c18509', '34ce4f68-b696-412b-8905-9d117ca604d3', '8ef90ad5-0b37-48cd-8019-2b5cfde7f09e', '8a7d23a2-f0fc-4a39-8d55-2f8d1aac7f58', '9abc3b9f-abc7-4ca9-8465-2e504e598fa2', '12980462-5fbf-4181-8a4c-4cc4113233a6', '1290ca7c-3cf6-43db-8a1e-c46547011f5f', '0261763d-1dec-4c5e-84a6-730fdd9f076a', '812646f4-9235-4d93-82dd-2b1f37556b35', '2a2352ba-7423-4a1e-8bcf-ddee43b16ab5', '0bab0409-4a90-4e17-8749-81e641490253', '197d5c38-64c5-406e-881e-a59fe459b049', 'a77137e6-af33-4b6e-8581-9cf5803f6baa', '5c7fad0d-1a69-4b85-81dd-fab449cebd31', 'be5d4191-4730-4adc-8ca4-f8040b1d4047', '02d66f69-18b1-439b-804e-09ac7f943ba5', 'c75b79c4-f426-4afa-8ba4-0e69f45fd824', 'f7b467e3-69af-40e9-869c-7d1ab174e453', '17ff6f68-3133-4266-8d6d-50fad6c9748e', 'b7c2684d-f36d-47f5-88ed-d3e0f3760f59', 'ff8ff255-911b-4dd3-8d63-4d57dce5c543', '06157491-c487-4d2a-8c1c-2341d1c06723', '3c0fba80-c87a-452d-8e51-85763985cb64', 'e0c593e5-b538-4349-8bea-75f56333e4d8');
DELETE FROM public.nonprofit_event_speakers WHERE id IN ('1d45a323-5e63-4d69-8242-1503e07cf932', '91786a6c-bc5a-457b-887b-b110edd0375c', '7628aa48-6aca-47d6-8539-1db20d168809', '81622477-8c70-4ea7-8346-d38a246a3331', 'fc12d942-74a1-4411-8be6-4b695890b018', '548ffd5a-e572-4614-873c-35ce5ecd0a36', '361acb00-4426-410c-8394-7ce4d8e7779f');
DELETE FROM public.nonprofit_event_ticket_types WHERE id IN ('bbd1ed15-bdda-45ce-8176-e8c77d8e9bea', '2b941c73-709c-4f05-87d3-31f2d68080f4', '85c8c9e1-8415-42dc-8721-6df797f00a41', 'e2d3f145-18c0-4804-8417-f7a315a19c1b', '67c30753-4584-4ca2-8fc3-598b177aea55', '9e3bde44-c56e-49f9-85c6-83c3382d54c4', '428aa5a4-dae9-43e6-8222-e694b73f6470', '498439ef-d49f-49bd-8ac1-e9ed21528392', '86883a12-7bbc-4a01-886e-6024f8a0241b', '8d0ed3f5-d044-4cf9-8727-e2e9a7c9a88f');
DELETE FROM public.nonprofit_events WHERE id IN ('10084594-789d-4d15-89e9-a39949dcc0c7', '51299673-f35b-43a3-8dd1-955ab7af82ff', '886a4c37-21b9-4140-8820-eeb8221ac9e8', '468e3db5-3070-4ea4-8347-5666a1a7d1f0', 'ecfbc23f-19d5-4958-84fa-2b66afad41e3');

INSERT INTO public.nonprofit_events (
  id, created_by, title, status, date, location, description, capacity, fund_raised
) VALUES
  ('10084594-789d-4d15-89e9-a39949dcc0c7', (SELECT id FROM auth.users ORDER BY created_at LIMIT 1), 'Summer Leadership Summit', 'Upcoming', '2026-08-01', 'Boston Convention & Exhibition Center', 'Our flagship annual summit bringing together nonprofit leaders, community advocates, and major donors for a full day of keynotes, workshops, and networking. This year''s theme: ''Building Resilient Communities.''', 200, NULL),
  ('51299673-f35b-43a3-8dd1-955ab7af82ff', (SELECT id FROM auth.users ORDER BY created_at LIMIT 1), 'Monthly Community Dinner', 'Upcoming', '2026-06-29', 'Brightside Community Center, 45 Harrison Ave', 'Our monthly gathering for community members, volunteers, and supporters. A warm meal, meaningful connections, and program updates from our team. Open to all — no one turned away.', 80, NULL),
  ('886a4c37-21b9-4140-8820-eeb8221ac9e8', (SELECT id FROM auth.users ORDER BY created_at LIMIT 1), 'Community Health Fair', 'Active', '2026-06-17', 'Roxbury Community Park Pavilion', 'Free health screenings, wellness resources, and community connections. Partnered with Health Partners Network to provide blood pressure checks, diabetes screening, mental health resources, and more.', 150, NULL),
  ('468e3db5-3070-4ea4-8347-5666a1a7d1f0', (SELECT id FROM auth.users ORDER BY created_at LIMIT 1), 'Annual Spring Gala', 'Past', '2026-06-12', 'The Boston Marriott Copley Place', 'Our premier annual fundraising gala celebrating the impact of our community. An evening of dinner, dancing, live auction, and recognition of our top donors and volunteers.', 300, 142000),
  ('ecfbc23f-19d5-4958-84fa-2b66afad41e3', (SELECT id FROM auth.users ORDER BY created_at LIMIT 1), 'Board Orientation Breakfast', 'Past', '2026-05-27', 'Brightside Foundation HQ, Conference Room A', 'Orientation and onboarding session for new board members and advisory committee additions. Covers governance responsibilities, committee assignments, and strategic priorities for the year.', 25, NULL)
ON CONFLICT (id) DO UPDATE SET
  title = EXCLUDED.title,
  status = EXCLUDED.status,
  date = EXCLUDED.date,
  location = EXCLUDED.location,
  description = EXCLUDED.description,
  capacity = EXCLUDED.capacity,
  fund_raised = EXCLUDED.fund_raised,
  updated_at = now();

INSERT INTO public.nonprofit_event_ticket_types (
  id, event_id, tier, price, capacity, sold
) VALUES
  ('bbd1ed15-bdda-45ce-8176-e8c77d8e9bea', '10084594-789d-4d15-89e9-a39949dcc0c7', 'Free', 0, 20, 18),
  ('2b941c73-709c-4f05-87d3-31f2d68080f4', '10084594-789d-4d15-89e9-a39949dcc0c7', 'General Admission', 75, 130, 75),
  ('85c8c9e1-8415-42dc-8721-6df797f00a41', '10084594-789d-4d15-89e9-a39949dcc0c7', 'VIP', 250, 50, 19),
  ('e2d3f145-18c0-4804-8417-f7a315a19c1b', '51299673-f35b-43a3-8dd1-955ab7af82ff', 'Free', 0, 80, 67),
  ('67c30753-4584-4ca2-8fc3-598b177aea55', '886a4c37-21b9-4140-8820-eeb8221ac9e8', 'Free', 0, 100, 80),
  ('9e3bde44-c56e-49f9-85c6-83c3382d54c4', '886a4c37-21b9-4140-8820-eeb8221ac9e8', 'General Admission', 0, 50, 18),
  ('428aa5a4-dae9-43e6-8222-e694b73f6470', '468e3db5-3070-4ea4-8347-5666a1a7d1f0', 'General Admission', 150, 180, 168),
  ('498439ef-d49f-49bd-8ac1-e9ed21528392', '468e3db5-3070-4ea4-8347-5666a1a7d1f0', 'VIP', 350, 60, 52),
  ('86883a12-7bbc-4a01-886e-6024f8a0241b', '468e3db5-3070-4ea4-8347-5666a1a7d1f0', 'Member-Only', 100, 60, 27),
  ('8d0ed3f5-d044-4cf9-8727-e2e9a7c9a88f', 'ecfbc23f-19d5-4958-84fa-2b66afad41e3', 'Member-Only', 0, 25, 22)
ON CONFLICT (id) DO UPDATE SET
  tier = EXCLUDED.tier,
  price = EXCLUDED.price,
  capacity = EXCLUDED.capacity,
  sold = EXCLUDED.sold;

INSERT INTO public.nonprofit_event_speakers (
  id, event_id, name, title, bio, display_order
) VALUES
  ('1d45a323-5e63-4d69-8242-1503e07cf932', '10084594-789d-4d15-89e9-a39949dcc0c7', 'Dr. Alicia Ramos', 'Director of Community Health', 'Health Partners Network', 0),
  ('91786a6c-bc5a-457b-887b-b110edd0375c', '10084594-789d-4d15-89e9-a39949dcc0c7', 'Mayor Gloria Chen', 'Mayor', 'City of Boston', 1),
  ('7628aa48-6aca-47d6-8539-1db20d168809', '10084594-789d-4d15-89e9-a39949dcc0c7', 'Robert Kim', 'Board Chair', 'Brightside Foundation', 2),
  ('81622477-8c70-4ea7-8346-d38a246a3331', '886a4c37-21b9-4140-8820-eeb8221ac9e8', 'Dr. Alicia Ramos', 'Director of Community Health', 'Health Partners Network', 0),
  ('fc12d942-74a1-4411-8be6-4b695890b018', '468e3db5-3070-4ea4-8347-5666a1a7d1f0', 'Patricia Lee', 'Board Chair', 'Brightside Foundation', 0),
  ('548ffd5a-e572-4614-873c-35ce5ecd0a36', '468e3db5-3070-4ea4-8347-5666a1a7d1f0', 'Sarah Mitchell', 'Executive Director', 'Brightside Foundation', 1),
  ('361acb00-4426-410c-8394-7ce4d8e7779f', 'ecfbc23f-19d5-4958-84fa-2b66afad41e3', 'Patricia Lee', 'Board Chair', 'Brightside Foundation', 0)
ON CONFLICT (id) DO UPDATE SET
  name = EXCLUDED.name,
  title = EXCLUDED.title,
  bio = EXCLUDED.bio,
  display_order = EXCLUDED.display_order;

INSERT INTO public.nonprofit_event_agenda_items (
  id, event_id, time, title, speaker_name, display_order
) VALUES
  ('3effa606-23e4-449f-8d2e-66c66f1368cd', '10084594-789d-4d15-89e9-a39949dcc0c7', '8:30 AM', 'Registration & Breakfast Networking', NULL, 0),
  ('4d3af7f1-3f99-4f58-83b3-388e4c892c2c', '10084594-789d-4d15-89e9-a39949dcc0c7', '9:15 AM', 'Opening Keynote: The State of Community', 'Mayor Gloria Chen', 1),
  ('60563d38-1404-4367-8282-02706b65c326', '10084594-789d-4d15-89e9-a39949dcc0c7', '10:30 AM', 'Workshop Block A — Choose from 4 sessions', NULL, 2),
  ('9cdd41ae-d117-4a92-8f5e-814fed12a16a', '10084594-789d-4d15-89e9-a39949dcc0c7', '12:00 PM', 'Lunch & Sponsor Recognition', NULL, 3),
  ('82be25e7-7d15-459c-8774-2cdcf3eeef87', '10084594-789d-4d15-89e9-a39949dcc0c7', '1:30 PM', 'Panel: Funding the Future', 'Dr. Alicia Ramos', 4),
  ('b2747507-a162-4815-8bd2-9a9fa6a15cf3', '10084594-789d-4d15-89e9-a39949dcc0c7', '3:00 PM', 'Workshop Block B — Choose from 3 sessions', NULL, 5),
  ('f33e6a59-f940-41c3-8cbd-e786a388b1f0', '10084594-789d-4d15-89e9-a39949dcc0c7', '4:30 PM', 'Closing Remarks & Next Steps', 'Robert Kim', 6),
  ('27e9fc20-c101-47d4-8763-38ed73c18509', '10084594-789d-4d15-89e9-a39949dcc0c7', '5:00 PM', 'Networking Reception', NULL, 7),
  ('34ce4f68-b696-412b-8905-9d117ca604d3', '51299673-f35b-43a3-8dd1-955ab7af82ff', '6:00 PM', 'Doors Open & Social Time', NULL, 0),
  ('8ef90ad5-0b37-48cd-8019-2b5cfde7f09e', '51299673-f35b-43a3-8dd1-955ab7af82ff', '6:30 PM', 'Welcome & Program Updates', NULL, 1),
  ('8a7d23a2-f0fc-4a39-8d55-2f8d1aac7f58', '51299673-f35b-43a3-8dd1-955ab7af82ff', '6:45 PM', 'Community Dinner', NULL, 2),
  ('9abc3b9f-abc7-4ca9-8465-2e504e598fa2', '51299673-f35b-43a3-8dd1-955ab7af82ff', '7:30 PM', 'Open Mic — Community Stories', NULL, 3),
  ('12980462-5fbf-4181-8a4c-4cc4113233a6', '51299673-f35b-43a3-8dd1-955ab7af82ff', '8:00 PM', 'Closing', NULL, 4),
  ('1290ca7c-3cf6-43db-8a1e-c46547011f5f', '886a4c37-21b9-4140-8820-eeb8221ac9e8', '9:00 AM', 'Setup & Volunteer Briefing', NULL, 0),
  ('0261763d-1dec-4c5e-84a6-730fdd9f076a', '886a4c37-21b9-4140-8820-eeb8221ac9e8', '10:00 AM', 'Doors Open — Health Screenings Begin', NULL, 1),
  ('812646f4-9235-4d93-82dd-2b1f37556b35', '886a4c37-21b9-4140-8820-eeb8221ac9e8', '11:00 AM', 'Wellness Workshop: Nutrition Basics', 'Dr. Alicia Ramos', 2),
  ('2a2352ba-7423-4a1e-8bcf-ddee43b16ab5', '886a4c37-21b9-4140-8820-eeb8221ac9e8', '1:00 PM', 'Kids Health Activity Zone Opens', NULL, 3),
  ('0bab0409-4a90-4e17-8749-81e641490253', '886a4c37-21b9-4140-8820-eeb8221ac9e8', '3:00 PM', 'Resource Fair & Community Partners', NULL, 4),
  ('197d5c38-64c5-406e-881e-a59fe459b049', '886a4c37-21b9-4140-8820-eeb8221ac9e8', '5:00 PM', 'Wrap-Up & Volunteer Thank You', NULL, 5),
  ('a77137e6-af33-4b6e-8581-9cf5803f6baa', '468e3db5-3070-4ea4-8347-5666a1a7d1f0', '6:00 PM', 'VIP Reception & Silent Auction Opens', NULL, 0),
  ('5c7fad0d-1a69-4b85-81dd-fab449cebd31', '468e3db5-3070-4ea4-8347-5666a1a7d1f0', '7:00 PM', 'Doors Open — Cocktail Hour', NULL, 1),
  ('be5d4191-4730-4adc-8ca4-f8040b1d4047', '468e3db5-3070-4ea4-8347-5666a1a7d1f0', '7:30 PM', 'Welcome & Mission Moment', 'Patricia Lee', 2),
  ('02d66f69-18b1-439b-804e-09ac7f943ba5', '468e3db5-3070-4ea4-8347-5666a1a7d1f0', '8:00 PM', 'Dinner Service', NULL, 3),
  ('c75b79c4-f426-4afa-8ba4-0e69f45fd824', '468e3db5-3070-4ea4-8347-5666a1a7d1f0', '8:45 PM', 'Impact Video & Fund-a-Need', NULL, 4),
  ('f7b467e3-69af-40e9-869c-7d1ab174e453', '468e3db5-3070-4ea4-8347-5666a1a7d1f0', '9:15 PM', 'Live Auction', NULL, 5),
  ('17ff6f68-3133-4266-8d6d-50fad6c9748e', '468e3db5-3070-4ea4-8347-5666a1a7d1f0', '10:00 PM', 'Dancing & Networking', NULL, 6),
  ('b7c2684d-f36d-47f5-88ed-d3e0f3760f59', 'ecfbc23f-19d5-4958-84fa-2b66afad41e3', '8:00 AM', 'Breakfast & Introductions', NULL, 0),
  ('ff8ff255-911b-4dd3-8d63-4d57dce5c543', 'ecfbc23f-19d5-4958-84fa-2b66afad41e3', '8:30 AM', 'Governance Overview', 'Patricia Lee', 1),
  ('06157491-c487-4d2a-8c1c-2341d1c06723', 'ecfbc23f-19d5-4958-84fa-2b66afad41e3', '9:30 AM', 'Strategic Plan Review', NULL, 2),
  ('3c0fba80-c87a-452d-8e51-85763985cb64', 'ecfbc23f-19d5-4958-84fa-2b66afad41e3', '10:30 AM', 'Committee Assignments & Q&A', NULL, 3),
  ('e0c593e5-b538-4349-8bea-75f56333e4d8', 'ecfbc23f-19d5-4958-84fa-2b66afad41e3', '11:00 AM', 'Adjourn', NULL, 4)
ON CONFLICT (id) DO UPDATE SET
  time = EXCLUDED.time,
  title = EXCLUDED.title,
  speaker_name = EXCLUDED.speaker_name,
  display_order = EXCLUDED.display_order;

INSERT INTO public.nonprofit_event_registrants (
  id, event_id, name, email, ticket_tier, checked_in, registered_at
) VALUES
  ('7c4d31c2-724d-4dea-87f0-7bb1244cf21e', '10084594-789d-4d15-89e9-a39949dcc0c7', 'Sarah Mitchell', 's.mitchell@email.com', 'VIP', FALSE, '2026-06-02 12:00:00+00'),
  ('0490fc80-4393-472a-8f63-152348d92814', '10084594-789d-4d15-89e9-a39949dcc0c7', 'Kevin Park', 'kevin.park@kpmg.com', 'General Admission', FALSE, '2026-06-05 12:00:00+00'),
  ('30e1128f-3d9a-48b0-86ed-7fc9c731511f', '10084594-789d-4d15-89e9-a39949dcc0c7', 'Angela Torres', 'angela.torres@email.com', 'Free', FALSE, '2026-06-07 12:00:00+00'),
  ('9d5dc58e-7713-45f3-8a55-d7b3a58f26d8', '10084594-789d-4d15-89e9-a39949dcc0c7', 'Dr. Marcus Webb', 'mwebb@community.org', 'General Admission', FALSE, '2026-06-09 12:00:00+00'),
  ('ef41f45c-608e-4566-80f0-6f01525f5808', '10084594-789d-4d15-89e9-a39949dcc0c7', 'Priya Mehta', 'priya.mehta@tech.com', 'VIP', FALSE, '2026-06-11 12:00:00+00'),
  ('2addb3e2-2df9-4b75-838b-63e1f220ccff', '51299673-f35b-43a3-8dd1-955ab7af82ff', 'David Osei', 'david.osei@email.com', 'Free', FALSE, '2026-06-12 12:00:00+00'),
  ('a4799331-57f8-4b2e-818f-93989e527f18', '51299673-f35b-43a3-8dd1-955ab7af82ff', 'Fatima Hassan', 'fatima.hassan@email.com', 'Free', FALSE, '2026-06-13 12:00:00+00'),
  ('47f8976a-0e72-449c-885d-40a59d6d2ac0', '51299673-f35b-43a3-8dd1-955ab7af82ff', 'Carol Nguyen', 'carol.nguyen@email.com', 'Free', FALSE, '2026-06-14 12:00:00+00'),
  ('e1e3b25d-35ae-44c6-8bf9-2dab3cbd9d78', '886a4c37-21b9-4140-8820-eeb8221ac9e8', 'Lisa Chen', 'lisa.chen@email.com', 'Free', TRUE, '2026-06-07 12:00:00+00'),
  ('268c6536-ae04-4f0a-8171-69d199b4651c', '886a4c37-21b9-4140-8820-eeb8221ac9e8', 'Michelle Kim', 'michelle.kim@email.com', 'Free', TRUE, '2026-06-09 12:00:00+00'),
  ('3f64c228-9f53-4b79-8f51-256fd82f3f91', '886a4c37-21b9-4140-8820-eeb8221ac9e8', 'Marcus Webb', 'marcus.webb@email.com', 'General Admission', FALSE, '2026-06-10 12:00:00+00'),
  ('e9cb08a2-3943-4ea9-8421-a82fa2486fd1', '468e3db5-3070-4ea4-8347-5666a1a7d1f0', 'Robert Kim', 'robert.kim@email.com', 'VIP', TRUE, '2026-05-18 12:00:00+00'),
  ('a82b720f-b65f-44b6-801a-46572320668a', '468e3db5-3070-4ea4-8347-5666a1a7d1f0', 'Jennifer Walsh', 'j.walsh@lawfirm.com', 'General Admission', TRUE, '2026-05-23 12:00:00+00'),
  ('d6812c02-f868-445a-8bf0-213b751e86b1', '468e3db5-3070-4ea4-8347-5666a1a7d1f0', 'Thomas Rivera', 't.rivera@email.com', 'Member-Only', FALSE, '2026-05-28 12:00:00+00'),
  ('800ef2f1-938e-4b88-8910-4ffe233b3c16', '468e3db5-3070-4ea4-8347-5666a1a7d1f0', 'Mayor Gloria Chen', 'g.chen@boston.gov', 'VIP', TRUE, '2026-05-20 12:00:00+00'),
  ('e1096679-8d6e-460c-85db-98f9420018fe', 'ecfbc23f-19d5-4958-84fa-2b66afad41e3', 'Emily Saunders', 'emily.s@email.com', 'Member-Only', TRUE, '2026-05-20 12:00:00+00'),
  ('27f53bd3-c4de-4ac7-807e-9ef35e15bd57', 'ecfbc23f-19d5-4958-84fa-2b66afad41e3', 'Kevin Park', 'kevin.park@kpmg.com', 'Member-Only', TRUE, '2026-05-23 12:00:00+00'),
  ('0b948b4e-f4d4-40ff-8838-bb321685a748', 'ecfbc23f-19d5-4958-84fa-2b66afad41e3', 'Dr. Alicia Ramos', 'a.ramos@healthpartners.org', 'Member-Only', TRUE, '2026-05-21 12:00:00+00')
ON CONFLICT (id) DO UPDATE SET
  name = EXCLUDED.name,
  email = EXCLUDED.email,
  ticket_tier = EXCLUDED.ticket_tier,
  checked_in = EXCLUDED.checked_in,
  registered_at = EXCLUDED.registered_at;
